mode,N,endpoint_positive_N,unsupported_reuse_rate,direct_use_allowed_rate,true_portable_allowed_rate,false_restriction_rate,overrestriction_rate
ClinVar-label-only,20865,7602,0.3643421998562186,1.0,1.0,0.0,0.0
CAB-Strict,20865,7602,0.013850946561226936,0.044140905823148814,0.04765136092889995,0.9523486390711,0.6053678408818596
CAB-Balanced,20865,7602,0.08531032830098251,0.30184519530313925,0.34064691246324363,0.6593530875367564,0.41912293314162474
