mode,N,endpoint_positive_N,unsupported_reuse_rate,direct_use_allowed_rate,true_portable_allowed_rate,false_restriction_rate,overrestriction_rate
ClinVar-label-only,4918,1901,0.3865392435949573,1.0,1.0,0.0,0.0
CAB-Strict,4918,1901,0.03924359495729972,0.12281415209434729,0.13622804110043088,0.8637719588995691,0.5298901992679951
CAB-Balanced,4918,1901,0.03924359495729972,0.12281415209434729,0.13622804110043088,0.8637719588995691,0.5298901992679951
