mode,N,endpoint_positive_N,unsupported_reuse_rate,direct_use_allowed_rate,true_portable_allowed_rate,false_restriction_rate,overrestriction_rate
ClinVar-label-only,942,365,0.3874734607218684,1.0,1.0,0.0,0.0
CAB-Strict,942,365,0.1740976645435244,0.6762208067940552,0.8197573656845754,0.18024263431542462,0.11040339702760085
CAB-Balanced,942,365,0.021231422505307854,0.42144373673036095,0.6533795493934142,0.3466204506065858,0.21231422505307856
