domain,N,baseline_unsupported_deterministic_reuse_rate,cab_unsupported_deterministic_reuse_rate,absolute_reduction,relative_reduction
all,26725,0.3692422825070159,0.07457436856875585,0.2946679139382601,0.7980340494527767
cardiomyopathy,4918,0.3865392435949573,0.03924359495729972,0.34729564863765755,0.8984744871120462
hereditary_cancer,20865,0.3643421998562186,0.08531032830098251,0.27903187155523607,0.7658510918179426
inherited_arrhythmia,942,0.3874734607218684,0.021231422505307854,0.36624203821656054,0.9452054794520548
