endpoint,source,strata_N,modifier_N_in_matched_blocks,non_modifier_N_in_matched_blocks,modifier_endpoint_rate_matched,non_modifier_endpoint_rate_matched,matched_endpoint_rate_difference,mean_block_rate_difference,Cochran_Mantel_Haenszel_OR,CMH_informative_strata_N,permutation_p_value_within_gene_domain_origin_blocks,permutation_iterations,permutation_null_mean,permutation_null_CI95_low,permutation_null_CI95_high,status
future_cross_environment_drift,three_domain_benchmark_2023-01_to_2026-04,18,16125,4740,0.14555038759689923,0.21751054852320675,-0.07196016092630753,-0.1392070135311941,0.5051798037247874,18,0.0004997501249375312,2000,0.00701972985968011,-0.0034475076047492765,0.01757923658129723,matched_blocks_evaluated
condition_label_drift,three_domain_benchmark_2023-01_to_2026-04,18,16125,4740,0.2656744186046512,0.7,-0.43432558139534877,-0.45921050870851676,0.12905331582631516,18,0.0004997501249375312,2000,-0.00244799421057796,-0.016930036306544993,0.012825434206652941,matched_blocks_evaluated
any_meaning_drift,three_domain_benchmark_2023-01_to_2026-04,18,16125,4740,0.2868217054263566,0.7056962025316456,-0.41887449710528896,-0.4389350853355172,0.145258601949252,18,0.0004997501249375312,2000,-0.0029817397703856344,-0.017318962810322813,0.01245015700127558,matched_blocks_evaluated
semantic_drift_without_reclassification,three_domain_benchmark_2023-01_to_2026-04,18,16125,4740,0.2656744186046512,0.7,-0.43432558139534877,-0.45921050870851676,0.12905331582631516,18,0.0004997501249375312,2000,-0.00244799421057796,-0.016930036306544993,0.012825434206652941,matched_blocks_evaluated
self_loop_stable_inverse,three_domain_benchmark_2023-01_to_2026-04,18,16125,4740,0.2868217054263566,0.7056962025316456,-0.41887449710528896,-0.4389350853355172,0.145258601949252,18,0.0004997501249375312,2000,-0.0029817397703856344,-0.017318962810322813,0.01245015700127558,matched_blocks_evaluated
classification_stable_meaning_drift,three_domain_benchmark_2023-01_to_2026-04,18,16125,4740,0.2868217054263566,0.7056962025316456,-0.41887449710528896,-0.4389350853355172,0.145258601949252,18,0.0004997501249375312,2000,-0.0029817397703856344,-0.017318962810322813,0.01245015700127558,matched_blocks_evaluated
