gold_standard,metric,estimate,ci95_low,ci95_high,bootstrap_replicates,stratification
temporal_condition_gold,baseline_unsupported_reuse_rate,0.3693214593077643,0.3633302151543499,0.3748578110383536,1000,within_domain
temporal_condition_gold,cab_unsupported_reuse_rate,0.07457867165575303,0.07150608044901777,0.07764265668849392,1000,within_domain
temporal_condition_gold,absolute_reduction,0.29474278765201123,0.2894284377923293,0.3002815715622077,1000,within_domain
temporal_condition_gold,relative_reduction,0.7980669319425678,0.7903507821141267,0.8059987228417145,1000,within_domain
composite_routing_gold,baseline_unsupported_reuse_rate,0.8568911131898971,0.8527221702525725,0.8608821328344246,1000,within_domain
composite_routing_gold,cab_unsupported_reuse_rate,0.1299778110383536,0.12561272217025257,0.13392048643592142,1000,within_domain
composite_routing_gold,absolute_reduction,0.7269133021515436,0.721421889616464,0.7322376052385408,1000,within_domain
composite_routing_gold,relative_reduction,0.8483145797575317,0.8436866874182296,0.8532876345023854,1000,within_domain
