gold_standard_name,domain,N,baseline_unsupported_reuse_rate,CAB_unsupported_reuse_rate,absolute_reduction,absolute_reduction_CI_low,absolute_reduction_CI_high,relative_reduction,false_direct_use_rate,direct_use_allowed_rate,contextual_repair_rate,no_deterministic_reuse_rate
temporal_condition_label_drift_gold_standard,cardiomyopathy,4918,0.3865392435949573,0.03924359495729972,0.34729564863765755,,,0.8984744871120462,0.03924359495729972,0.12281415209434729,0.8771858479056527,0.8771858479056527
temporal_condition_label_drift_gold_standard,hereditary_cancer,20865,0.3643421998562186,0.08531032830098251,0.27903187155523607,,,0.7658510918179426,0.08531032830098251,0.30184519530313925,0.8032111190989696,0.6981548046968608
temporal_condition_label_drift_gold_standard,inherited_arrhythmia,942,0.3874734607218684,0.021231422505307854,0.36624203821656054,,,0.9452054794520548,0.021231422505307854,0.42144373673036095,0.578556263269639,0.578556263269639
conservative_composite_routing_gold_standard,cardiomyopathy,4918,0.9164294428629525,0.03924359495729972,0.8771858479056528,,,0.9571777235411583,0.03924359495729972,0.12281415209434729,0.8771858479056527,0.8771858479056527
conservative_composite_routing_gold_standard,hereditary_cancer,20865,0.8544452432302899,0.1562904385334292,0.6981548046968608,,,0.8170854835090868,0.1562904385334292,0.30184519530313925,0.8032111190989696,0.6981548046968608
conservative_composite_routing_gold_standard,inherited_arrhythmia,942,0.5997876857749469,0.021231422505307854,0.578556263269639,,,0.9646017699115045,0.021231422505307854,0.42144373673036095,0.578556263269639,0.578556263269639
